{"Tax Preparation":{"overlaps":[],"priority":0,"age":0,"ignoreScore":0,"fallbackName":"accounting audit tax preparation","fallbackScore":0.001,"fallbackPath":"M120-128v-728q0-7 6-9.5t11 2.5l29 29q6 6 14 6t14-6l32-32q6-6 14-6t14 6l32 32q6 6 14 6t14-6l32-32q6-6 14-6t14 6l32 32q6 6 14 6t14-6l32-32q6-6 14-6t14 6l32 32q6 6 14 6t14-6l32-32q6-6 14-6t14 6l32 32q6 6 14 6t14-6l32-32q6-6 14-6t14 6l32 32q6 6 14 6t14-6l29-29q5-5 11-2.5t6 9.5v728q0 14-12 19t-22-5l-12-12q-6-6-14-6t-14 6l-32 32q-6 6-14 6t-14-6l-32-32q-6-6-14-6t-14 6l-32 32q-6 6-14 6t-14-6l-32-32q-6-6-14-6t-14 6l-32 32q-6 6-14 6t-14-6l-32-32q-6-6-14-6t-14 6l-32 32q-6 6-14 6t-14-6l-32-32q-6-6-14-6t-14 6l-32 32q-6 6-14 6t-14-6l-32-32q-6-6-14-6t-14 6l-12 12q-10 10-22 5t-12-19Zm160-152h400q17 0 28.5-11.5T720-320q0-17-11.5-28.5T680-360H280q-17 0-28.5 11.5T240-320q0 17 11.5 28.5T280-280Zm0-160h400q17 0 28.5-11.5T720-480q0-17-11.5-28.5T680-520H280q-17 0-28.5 11.5T240-480q0 17 11.5 28.5T280-440Zm0-160h400q17 0 28.5-11.5T720-640q0-17-11.5-28.5T680-680H280q-17 0-28.5 11.5T240-640q0 17 11.5 28.5T280-600Z"},"Business Services":{"overlaps":[],"priority":0,"age":0,"ignoreScore":0,"fallbackName":"business services","fallbackScore":2.220446049250313e-16,"fallbackPath":"M440-360v-80h80v80h-80Zm-40-360h160v-80H400v80ZM160-120q-33 0-56.5-23.5T80-200v-160h280v40q0 17 11.5 28.5T400-280h160q17 0 28.5-11.5T600-320v-40h280v160q0 33-23.5 56.5T800-120H160ZM80-440v-200q0-33 23.5-56.5T160-720h160v-80q0-33 23.5-56.5T400-880h160q33 0 56.5 23.5T640-800v80h160q33 0 56.5 23.5T880-640v200H600v-40q0-17-11.5-28.5T560-520H400q-17 0-28.5 11.5T360-480v40H80Z"},"Groceries":{"overlaps":[],"priority":0.4444444444444444,"age":0,"ignoreScore":0,"fallbackName":"hat accessories","fallbackScore":0.4444444444444444,"fallbackPath":"M 12 2 C 7.038 2 3 5.813 3 10.5 L 3 12 L 21 12 L 21 10.5 C 21 5.813 16.962 2 12 2 z M 3 14 L 1.8359375 15.519531 C 1.1889375 16.364531 1.2980469 17.585813 2.1230469 18.257812 C 3.5970469 19.458813 6.5430469 20.984375 11.998047 20.984375 L 12 20.984375 C 17.455 20.984375 20.399047 19.458813 21.873047 18.257812 C 22.698047 17.584813 22.809109 16.364531 22.162109 15.519531 L 20.998047 14 L 12 14 L 11.998047 14 L 3 14 z"},"Supermarket Goods":{"overlaps":[],"priority":2,"age":0,"ignoreScore":0},"Automotive Services":{"overlaps":[],"priority":0.47368421052631576,"age":0,"ignoreScore":0,"fallbackName":"business services","fallbackScore":0.47368421052631576,"fallbackPath":"M440-360v-80h80v80h-80Zm-40-360h160v-80H400v80ZM160-120q-33 0-56.5-23.5T80-200v-160h280v40q0 17 11.5 28.5T400-280h160q17 0 28.5-11.5T600-320v-40h280v160q0 33-23.5 56.5T800-120H160ZM80-440v-200q0-33 23.5-56.5T160-720h160v-80q0-33 23.5-56.5T400-880h160q33 0 56.5 23.5T640-800v80h160q33 0 56.5 23.5T880-640v200H600v-40q0-17-11.5-28.5T560-520H400q-17 0-28.5 11.5T360-480v40H80Z"},"Lubricants ":{"overlaps":[],"priority":0,"age":0,"ignoreScore":0,"fallbackName":"car repair parts lubricant","fallbackScore":0.18181818181818182,"fallbackPath":"M480-80q-17 0-28.5-11.5T440-120v-80H200q-17 0-28.5-11.5T160-240q0-17 11.5-28.5T200-280h560q17 0 28.5 11.5T800-240q0 17-11.5 28.5T760-200H520v80q0 17-11.5 28.5T480-80ZM360-500q17 0 28.5-11.5T400-540q0-17-11.5-28.5T360-580q-17 0-28.5 11.5T320-540q0 17 11.5 28.5T360-500Zm240 0q17 0 28.5-11.5T640-540q0-17-11.5-28.5T600-580q-17 0-28.5 11.5T560-540q0 17 11.5 28.5T600-500ZM240-320q-17 0-28.5-11.5T200-360v-243q0-7 1-13.5t3-12.5l54-157q8-24 29-39t47-15h292q26 0 47 15t29 39l54 157q2 6 3 12.5t1 13.5v243q0 17-11.5 28.5T720-320q-17 0-28.5-11.5T680-360v-40H280v40q0 17-11.5 28.5T240-320Zm66-360h348l-28-80H334l-28 80Z"}," Natural Gas ":{"overlaps":[],"priority":0,"age":0,"ignoreScore":0,"fallbackName":"propane natural gas","fallbackScore":0.07692307692307693,"fallbackPath":"M160-440v-120q0-57 34-99t86-56v-85q0-33 23.5-56.5T360-880h240q33 0 56.5 23.5T680-800v85q52 14 86 56t34 99v120H160ZM320-80q-66 0-113-47t-47-113v-120h640v120q0 66-47 113T640-80H320Zm40-640h80q0-17 11.5-28.5T480-760q17 0 28.5 11.5T520-720h80v-80H360v80Z"}," Petrochemicals ":{"overlaps":[],"priority":0,"age":0,"ignoreScore":0,"fallbackName":"petrochemicals crude oil","fallbackScore":0.0625,"fallbackPath":"M160-120q-17 0-28.5-11.5T120-160q0-17 11.5-28.5T160-200h40v-240h-40q-17 0-28.5-11.5T120-480q0-17 11.5-28.5T160-520h40v-240h-40q-17 0-28.5-11.5T120-800q0-17 11.5-28.5T160-840h640q17 0 28.5 11.5T840-800q0 17-11.5 28.5T800-760h-40v240h40q17 0 28.5 11.5T840-480q0 17-11.5 28.5T800-440h-40v240h40q17 0 28.5 11.5T840-160q0 17-11.5 28.5T800-120H160Zm320-200q50 0 85-34.5t35-83.5q0-20-4.5-34T577-505l-67-79q-12-14-30.5-14T449-584l-66 78q-14 19-18.5 33.5T360-438q0 49 35 83.5t85 34.5Z"}," Petrolium":{"overlaps":[{"overlapScore":0.4,"overlapName":"petrochemicals crude oil","overlapPath":"M160-120q-17 0-28.5-11.5T120-160q0-17 11.5-28.5T160-200h40v-240h-40q-17 0-28.5-11.5T120-480q0-17 11.5-28.5T160-520h40v-240h-40q-17 0-28.5-11.5T120-800q0-17 11.5-28.5T160-840h640q17 0 28.5 11.5T840-800q0 17-11.5 28.5T800-760h-40v240h40q17 0 28.5 11.5T840-480q0 17-11.5 28.5T800-440h-40v240h40q17 0 28.5 11.5T840-160q0 17-11.5 28.5T800-120H160Zm320-200q50 0 85-34.5t35-83.5q0-20-4.5-34T577-505l-67-79q-12-14-30.5-14T449-584l-66 78q-14 19-18.5 33.5T360-438q0 49 35 83.5t85 34.5Z","overlapQuery":" Petrochemicals ","isIndustry":false}],"priority":0.6,"age":0,"ignoreScore":0,"fallbackName":"oil gasoline","fallbackScore":0.6,"fallbackPath":"M133.999-146.999V-760q0-44.305 30.848-75.153 30.848-30.848 75.153-30.848h240q44.305 0 75.153 30.848 30.848 30.848 30.848 75.153v297.523h50.175q35.261 0 59.891 24.348 24.631 24.347 24.631 59.608v180q0 15.319 10.2 25.681 10.2 10.363 25.278 10.363 15.318 0 25.681-10.363 10.362-10.362 10.362-25.681v-319.653q-8.435 3.304-17.587 4.804-9.152 1.5-18.456 1.5-43.662 0-73.809-30.312-30.148-30.311-30.148-74.21 0-30.87 16.37-56.652 16.369-25.783 44.804-38.479l-59.043-59.043q-10.131-10.387-10.131-24.237 0-13.85 10.131-23.981 9.695-9.695 23.608-9.913 13.914-.217 24.044 9.479L814.306-710.48q19.522 19.522 32.957 43.196 13.435 23.674 13.435 50.892v417.871q0 43.9-30.312 74.211-30.311 30.311-74.21 30.311-43.662 0-73.809-30.311-30.148-30.311-30.148-74.211v-195.478h-66.218v247q0 22.087-15.456 37.544-15.457 15.456-37.544 15.456H186.999q-22.087 0-37.544-15.456-15.456-15.457-15.456-37.544ZM240-560h240v-200H240v200Zm516.176-20.914q15.318 0 25.681-10.2 10.362-10.2 10.362-25.278t-10.36-25.278q-10.359-10.2-25.673-10.2-15.314 0-25.401 10.2t-10.087 25.278q0 15.078 10.2 25.278t25.278 10.2Z"},"Online Retail":{"overlaps":[],"priority":0,"age":0,"ignoreScore":0,"fallbackName":"online retail shopping ecommerce","fallbackScore":0.001,"fallbackPath":"M440-91v-366L120-642v321q0 22 10.5 40t29.5 29L440-91Zm80 0 280-161q19-11 29.5-29t10.5-40v-321L520-457v366Zm159-550 118-69-277-159q-19-11-40-11t-40 11l-79 45 318 183ZM480-526l119-68-317-184-120 69 318 183Z"},"Shipping":{"overlaps":[],"priority":0,"age":0,"ignoreScore":0,"fallbackName":"shipping","fallbackScore":2.220446049250313e-16,"fallbackPath":"M240-160q-50 0-85-35t-35-85H80q-17 0-28.5-11.5T40-320v-400q0-33 23.5-56.5T120-800h480q33 0 56.5 23.5T680-720v80h80q19 0 36 8.5t28 23.5l88 117q4 5 6 11t2 13v147q0 17-11.5 28.5T880-280h-40q0 50-35 85t-85 35q-50 0-85-35t-35-85H360q0 50-35 85t-85 35Zm0-80q17 0 28.5-11.5T280-280q0-17-11.5-28.5T240-320q-17 0-28.5 11.5T200-280q0 17 11.5 28.5T240-240Zm480 0q17 0 28.5-11.5T760-280q0-17-11.5-28.5T720-320q-17 0-28.5 11.5T680-280q0 17 11.5 28.5T720-240Zm-40-200h170l-90-120h-80v120Z"},"Consumer Electronics":{"overlaps":[],"priority":0,"age":0,"ignoreScore":0,"fallbackName":"consumer electronics","fallbackScore":2.220446049250313e-16,