{"Tax Preparation • Business Services":{"overlaps":[],"priority":2,"age":0,"ignoreScore":0},"Lubricants":{"overlaps":[],"priority":0,"age":0,"ignoreScore":0,"fallbackName":"car repair parts lubricant","fallbackScore":0.6,"fallbackPath":"M480-80q-17 0-28.5-11.5T440-120v-80H200q-17 0-28.5-11.5T160-240q0-17 11.5-28.5T200-280h560q17 0 28.5 11.5T800-240q0 17-11.5 28.5T760-200H520v80q0 17-11.5 28.5T480-80ZM360-500q17 0 28.5-11.5T400-540q0-17-11.5-28.5T360-580q-17 0-28.5 11.5T320-540q0 17 11.5 28.5T360-500Zm240 0q17 0 28.5-11.5T640-540q0-17-11.5-28.5T600-580q-17 0-28.5 11.5T560-540q0 17 11.5 28.5T600-500ZM240-320q-17 0-28.5-11.5T200-360v-243q0-7 1-13.5t3-12.5l54-157q8-24 29-39t47-15h292q26 0 47 15t29 39l54 157q2 6 3 12.5t1 13.5v243q0 17-11.5 28.5T720-320q-17 0-28.5-11.5T680-360v-40H280v40q0 17-11.5 28.5T240-320Zm66-360h348l-28-80H334l-28 80Z"},"Natural Gas":{"overlaps":[],"priority":0,"age":0,"ignoreScore":0,"fallbackName":"propane natural gas","fallbackScore":0.23285358167685585,"fallbackPath":"M160-440v-120q0-57 34-99t86-56v-85q0-33 23.5-56.5T360-880h240q33 0 56.5 23.5T680-800v85q52 14 86 56t34 99v120H160ZM320-80q-66 0-113-47t-47-113v-120h640v120q0 66-47 113T640-80H320Zm40-640h80q0-17 11.5-28.5T480-760q17 0 28.5 11.5T520-720h80v-80H360v80Z"},"Petrochemicals":{"overlaps":[],"priority":0,"age":0,"ignoreScore":0,"fallbackName":"petrochemicals crude oil","fallbackScore":0.01857804455091699,"fallbackPath":"M160-120q-17 0-28.5-11.5T120-160q0-17 11.5-28.5T160-200h40v-240h-40q-17 0-28.5-11.5T120-480q0-17 11.5-28.5T160-520h40v-240h-40q-17 0-28.5-11.5T120-800q0-17 11.5-28.5T160-840h640q17 0 28.5 11.5T840-800q0 17-11.5 28.5T800-760h-40v240h40q17 0 28.5 11.5T840-480q0 17-11.5 28.5T800-440h-40v240h40q17 0 28.5 11.5T840-160q0 17-11.5 28.5T800-120H160Zm320-200q50 0 85-34.5t35-83.5q0-20-4.5-34T577-505l-67-79q-12-14-30.5-14T449-584l-66 78q-14 19-18.5 33.5T360-438q0 49 35 83.5t85 34.5Z"},"Petrolium":{"overlaps":[{"overlapScore":0.5305191144538296,"overlapName":"petrochemicals crude oil","overlapPath":"M160-120q-17 0-28.5-11.5T120-160q0-17 11.5-28.5T160-200h40v-240h-40q-17 0-28.5-11.5T120-480q0-17 11.5-28.5T160-520h40v-240h-40q-17 0-28.5-11.5T120-800q0-17 11.5-28.5T160-840h640q17 0 28.5 11.5T840-800q0 17-11.5 28.5T800-760h-40v240h40q17 0 28.5 11.5T840-480q0 17-11.5 28.5T800-440h-40v240h40q17 0 28.5 11.5T840-160q0 17-11.5 28.5T800-120H160Zm320-200q50 0 85-34.5t35-83.5q0-20-4.5-34T577-505l-67-79q-12-14-30.5-14T449-584l-66 78q-14 19-18.5 33.5T360-438q0 49 35 83.5t85 34.5Z","overlapQuery":"Petrochemicals","isIndustry":false}],"priority":1.5305191144538295,"age":0,"ignoreScore":0}}